Subject,Description,Skill Rotation
Language Arts & Literacy,"Grade 8 high-school-readiness reading, textual evidence, literary analysis, informational text, argument evaluation, research, grammar, vocabulary, discussion, media literacy, revision, and publication.",strongest textual evidence; theme and central idea; point of view; argument evaluation; source credibility; research synthesis; grammar and conventions; rhetorical/narrative voice; speaking/listening
Mathematics: Algebra I Readiness,"Expressions, equations, systems, functions, linear relationships, slope/intercept, exponents, scientific notation, transformations, congruence, similarity, Pythagorean theorem, volume, bivariate data, and Algebra I readiness.",linear relationships; functions; slope and intercept; systems of equations; exponents/scientific notation; transformations; similarity; Pythagorean theorem; bivariate data
Science & Engineering,"Middle school culminating science: physical science, chemistry foundations, forces/motion, energy, waves, Earth/space systems, geologic time, evolution evidence, genetics, ecosystems, engineering, models, data, and CER reasoning.",matter and reactions; forces and motion; energy and waves; Earth/space systems; geologic time; evolution evidence; genetics; ecosystems; engineering design
"Social Studies, Civics & History","High-school-readiness civics and history: U.S. founding foundations, constitutional principles, rights/responsibilities, expansion, reform, civil conflict, Reconstruction, economics, geography, source analysis, and informed action.",founding principles; revolution and independence; constitutional design; rights and responsibilities; expansion and reform; Civil War/Reconstruction; economics/labor; historical sources; informed action
World Languages & Global Culture,"Language learning foundations, scripts, grammar patterns, cognates, cultural comparison, geography of languages, diplomacy, translation awareness, respectful communication, and global citizenship.",greetings and phrases; cognates; scripts and symbols; grammar patterns; cultural protocol; translation awareness; language geography; diplomacy vocabulary; respectful communication
"Arts, Music & Media","Visual composition, media arts, music literacy, rhythm, melody, dramatic interpretation, critique, performance, cultural arts, artist statements, design portfolio, and public presentation.",visual composition; rhythm and melody; media messages; dramatic interpretation; performance critique; artist statements; portfolio curation; cultural connection; public presentation
"Health, PE & SEL","Physical literacy, fitness planning, nutrition, safety, adolescent wellness, stress management, executive function, leadership, conflict resolution, digital wellness, resilience, and high-school self-advocacy.",fitness planning; nutrition and wellness; safety decisions; stress regulation; executive function; conflict resolution; team leadership; resilience; self-advocacy
"Technology, Design & Tools","Digital citizenship, spreadsheets, data visualization, source notes, algorithms, debugging, file/web systems, accessibility, ethical technology, media design, and high-school productivity systems.",file organization; digital citizenship; source notes; spreadsheets; data visualization; algorithms; debugging; accessibility; AI/data ethics
Integrated High School Readiness Projects,"A++ transition studios where students research, calculate, model, prototype, write, cite, revise, defend evidence, present publicly, reflect, and prepare for high school coursework.",inquiry question; research plan; evidence table; algebraic/data model; prototype or model; draft and revise; peer critique; oral defense; high-school transition reflection
