Week,Title,Lens,Essential Question,Theme,Standards
1,Middle School Scholar Launch,Launch,"How do middle school scholars organize independence, evidence, and responsibility?","Transition systems, binders/files, advisory routines, diagnostic reading/math/science writing, research notebooks, executive function, and portfolio setup",KHAE-ELA-6; KHAE-MATH-6; KHAE-SCI-MS; KHAE-SS-6; KHAE-WL-6; KHAE-ART-6; KHAE-PEH-6; KHAE-TECH-6; KHAE-IP-6; KHAE-PORT-6
2,"Evidence, Annotation, and Ratios",Evidence,How do evidence and comparison help us understand complex ideas?,"Text annotation, quoting/citing evidence, ratios as comparisons, unit language, learning contracts, and notebook systems",KHAE-ELA-6; KHAE-MATH-6; KHAE-SCI-MS; KHAE-SS-6; KHAE-WL-6; KHAE-ART-6; KHAE-PEH-6; KHAE-TECH-6; KHAE-IP-6; KHAE-PORT-6
3,"Rates, Unit Rates, and Informational Text",Rates,How can rates and text structures explain change?,"Unit rates, tables, graphs, informational text structure, technical vocabulary, and source notes",KHAE-ELA-6; KHAE-MATH-6; KHAE-SCI-MS; KHAE-SS-6; KHAE-WL-6; KHAE-ART-6; KHAE-PEH-6; KHAE-TECH-6; KHAE-IP-6; KHAE-PORT-6
4,"Percent, Proportion, and Civic Decisions",Percent,How can percentages help a community make informed decisions?,"Percent, benchmark fractions/decimals, claims and evidence, surveys, civic choices, and data displays",KHAE-ELA-6; KHAE-MATH-6; KHAE-SCI-MS; KHAE-SS-6; KHAE-WL-6; KHAE-ART-6; KHAE-PEH-6; KHAE-TECH-6; KHAE-IP-6; KHAE-PORT-6
5,Fraction Division and Procedural Writing,Fraction Division,How can models explain division when the numbers are fractions?,"Fraction division, visual models, reciprocal reasoning foundations, procedural writing, critique, and clarity",KHAE-ELA-6; KHAE-MATH-6; KHAE-SCI-MS; KHAE-SS-6; KHAE-WL-6; KHAE-ART-6; KHAE-PEH-6; KHAE-TECH-6; KHAE-IP-6; KHAE-PORT-6
6,Rational Numbers and Ancient Number Systems,Rational Numbers,How have cultures represented numbers and meaning across time?,"Integers, rational numbers, number lines, absolute value foundations, ancient number systems, and mathematical history",KHAE-ELA-6; KHAE-MATH-6; KHAE-SCI-MS; KHAE-SS-6; KHAE-WL-6; KHAE-ART-6; KHAE-PEH-6; KHAE-TECH-6; KHAE-IP-6; KHAE-PORT-6
7,Coordinate Planes and Geography,Coordinates,"How can coordinates help us describe place, movement, and patterns?","Four-quadrant coordinate planes, maps, scale, geography, ordered pairs, and spatial reasoning",KHAE-ELA-6; KHAE-MATH-6; KHAE-SCI-MS; KHAE-SS-6; KHAE-WL-6; KHAE-ART-6; KHAE-PEH-6; KHAE-TECH-6; KHAE-IP-6; KHAE-PORT-6
8,Expressions and Algebraic Thinking,Expressions,"How can symbols represent ideas in math, language, and culture?","Variables, expressions, substitution, order of operations, literary symbolism, and precise academic language",KHAE-ELA-6; KHAE-MATH-6; KHAE-SCI-MS; KHAE-SS-6; KHAE-WL-6; KHAE-ART-6; KHAE-PEH-6; KHAE-TECH-6; KHAE-IP-6; KHAE-PORT-6
9,Equations and Balanced Arguments,Equations,How do balance and evidence make arguments stronger?,"One-step equations, balance models, argument writing, claim/reason/evidence, and academic discussion",KHAE-ELA-6; KHAE-MATH-6; KHAE-SCI-MS; KHAE-SS-6; KHAE-WL-6; KHAE-ART-6; KHAE-PEH-6; KHAE-TECH-6; KHAE-IP-6; KHAE-PORT-6
10,Inequalities and Decision Rules,Inequalities,How do constraints shape solutions and decisions?,"Inequalities, constraints, solution sets, policy rules, design limits, and responsible choices",KHAE-ELA-6; KHAE-MATH-6; KHAE-SCI-MS; KHAE-SS-6; KHAE-WL-6; KHAE-ART-6; KHAE-PEH-6; KHAE-TECH-6; KHAE-IP-6; KHAE-PORT-6
11,"Statistics: Questions, Data, and Distribution",Statistics,How can data answer questions while still requiring judgment?,"Statistical questions, data collection, dot plots, histograms foundations, center/spread, and data ethics",KHAE-ELA-6; KHAE-MATH-6; KHAE-SCI-MS; KHAE-SS-6; KHAE-WL-6; KHAE-ART-6; KHAE-PEH-6; KHAE-TECH-6; KHAE-IP-6; KHAE-PORT-6
12,"Geometry: Area, Surface Area, and Design",Geometry Design,How do measurements help designers plan efficient spaces?,"Area formulas, polygons, nets, surface area, design constraints, and visual communication",KHAE-ELA-6; KHAE-MATH-6; KHAE-SCI-MS; KHAE-SS-6; KHAE-WL-6; KHAE-ART-6; KHAE-PEH-6; KHAE-TECH-6; KHAE-IP-6; KHAE-PORT-6
13,Volume and Three-Dimensional Modeling,Volume,How can 3D models solve real problems?,"Volume of rectangular prisms, fractional edge lengths, models, engineering notebooks, and spatial reasoning",KHAE-ELA-6; KHAE-MATH-6; KHAE-SCI-MS; KHAE-SS-6; KHAE-WL-6; KHAE-ART-6; KHAE-PEH-6; KHAE-TECH-6; KHAE-IP-6; KHAE-PORT-6
14,"Matter: Particles, Properties, and Models",Matter,How can invisible particle models explain visible properties?,"Properties of matter, particle models, density foundations, evidence tables, and scientific explanation",KHAE-ELA-6; KHAE-MATH-6; KHAE-SCI-MS; KHAE-SS-6; KHAE-WL-6; KHAE-ART-6; KHAE-PEH-6; KHAE-TECH-6; KHAE-IP-6; KHAE-PORT-6
15,Thermal Energy and Phase Change,Thermal Energy,How does energy explain changes in matter?,"Thermal energy, temperature, phase changes, graphing, data interpretation, and CER writing",KHAE-ELA-6; KHAE-MATH-6; KHAE-SCI-MS; KHAE-SS-6; KHAE-WL-6; KHAE-ART-6; KHAE-PEH-6; KHAE-TECH-6; KHAE-IP-6; KHAE-PORT-6
16,"Forces, Motion, and Systems",Forces,How do forces and systems explain motion?,"Forces, motion, variables, graphs, system models, fair tests, and technical writing",KHAE-ELA-6; KHAE-MATH-6; KHAE-SCI-MS; KHAE-SS-6; KHAE-WL-6; KHAE-ART-6; KHAE-PEH-6; KHAE-TECH-6; KHAE-IP-6; KHAE-PORT-6
17,Midyear Portfolio and Assessment,Midterm,How can I prove growth across every subject?,"Cumulative review, midterm, research checkpoint, math defense, science notebook audit, and advisory reflection",KHAE-ELA-6; KHAE-MATH-6; KHAE-SCI-MS; KHAE-SS-6; KHAE-WL-6; KHAE-ART-6; KHAE-PEH-6; KHAE-TECH-6; KHAE-IP-6; KHAE-PORT-6
18,"Waves, Sound, and Communication",Waves,How do waves carry energy and information?,"Wave models, sound, communication, media literacy, rhythm, and information transfer",KHAE-ELA-6; KHAE-MATH-6; KHAE-SCI-MS; KHAE-SS-6; KHAE-WL-6; KHAE-ART-6; KHAE-PEH-6; KHAE-TECH-6; KHAE-IP-6; KHAE-PORT-6
19,"Light, Vision, and Media Interpretation",Light,How does light shape what we see and how we interpret media?,"Light, reflection, vision, visual media, diagrams, perspective, and evidence from models",KHAE-ELA-6; KHAE-MATH-6; KHAE-SCI-MS; KHAE-SS-6; KHAE-WL-6; KHAE-ART-6; KHAE-PEH-6; KHAE-TECH-6; KHAE-IP-6; KHAE-PORT-6
20,"Cells, Systems, and Scientific Models",Cells,How do small structures support living systems?,"Cells as systems, structure/function, microscopes as tools, analogies, and explanatory models",KHAE-ELA-6; KHAE-MATH-6; KHAE-SCI-MS; KHAE-SS-6; KHAE-WL-6; KHAE-ART-6; KHAE-PEH-6; KHAE-TECH-6; KHAE-IP-6; KHAE-PORT-6
21,Ecosystems and Energy Flow,Ecosystems,How do energy and matter move through ecosystems?,"Food webs, ecosystems, matter/energy flow, human impact, statistics, and environmental stewardship",KHAE-ELA-6; KHAE-MATH-6; KHAE-SCI-MS; KHAE-SS-6; KHAE-WL-6; KHAE-ART-6; KHAE-PEH-6; KHAE-TECH-6; KHAE-IP-6; KHAE-PORT-6
22,Earth Systems and Water,Earth Systems,How do Earth systems interact and affect human life?,"Geosphere, hydrosphere, atmosphere, biosphere, water cycle, maps, resource use, and stewardship",KHAE-ELA-6; KHAE-MATH-6; KHAE-SCI-MS; KHAE-SS-6; KHAE-WL-6; KHAE-ART-6; KHAE-PEH-6; KHAE-TECH-6; KHAE-IP-6; KHAE-PORT-6
23,"Weather, Climate, and Human Patterns",Weather Climate,How can patterns help communities prepare for change?,"Weather/climate data, graphs, regional patterns, natural hazards, and community resilience",KHAE-ELA-6; KHAE-MATH-6; KHAE-SCI-MS; KHAE-SS-6; KHAE-WL-6; KHAE-ART-6; KHAE-PEH-6; KHAE-TECH-6; KHAE-IP-6; KHAE-PORT-6
24,Ancient River Civilizations,River Civilizations,How did rivers support early civilizations and complex societies?,"Mesopotamia, Egypt, Indus, China foundations, rivers, agriculture, writing, trade, and social structures",KHAE-ELA-6; KHAE-MATH-6; KHAE-SCI-MS; KHAE-SS-6; KHAE-WL-6; KHAE-ART-6; KHAE-PEH-6; KHAE-TECH-6; KHAE-IP-6; KHAE-PORT-6
25,"Belief Systems, Law, and Culture",Culture Law,How do beliefs and laws shape community life?,"Ancient laws, belief systems, cultural practices, art, texts, fairness, and historical empathy",KHAE-ELA-6; KHAE-MATH-6; KHAE-SCI-MS; KHAE-SS-6; KHAE-WL-6; KHAE-ART-6; KHAE-PEH-6; KHAE-TECH-6; KHAE-IP-6; KHAE-PORT-6
26,Classical Civilizations and Civic Ideas,Classical Civics,How did classical societies influence civic ideas and public life?,"Greece, Rome, civic participation, republics, philosophy, architecture, argument, and historical comparison",KHAE-ELA-6; KHAE-MATH-6; KHAE-SCI-MS; KHAE-SS-6; KHAE-WL-6; KHAE-ART-6; KHAE-PEH-6; KHAE-TECH-6; KHAE-IP-6; KHAE-PORT-6
27,"Trade Routes, Migration, and Exchange",Trade Migration,How do movement and exchange transform societies?,"Silk Roads foundations, trade, migration, cultural diffusion, economics, maps, and perspective",KHAE-ELA-6; KHAE-MATH-6; KHAE-SCI-MS; KHAE-SS-6; KHAE-WL-6; KHAE-ART-6; KHAE-PEH-6; KHAE-TECH-6; KHAE-IP-6; KHAE-PORT-6
28,World Languages and Cultural Communication,World Language,How does language carry culture and connection?,"Language families, scripts, greetings, cognates, translation limits, cultural respect, and global communication",KHAE-ELA-6; KHAE-MATH-6; KHAE-SCI-MS; KHAE-SS-6; KHAE-WL-6; KHAE-ART-6; KHAE-PEH-6; KHAE-TECH-6; KHAE-IP-6; KHAE-PORT-6
29,Research Writing: From Question to Thesis,Research Writing,How do researchers build trustworthy explanations?,"Research questions, source evaluation, note-taking, paraphrase, thesis, evidence paragraphs, and citation routines",KHAE-ELA-6; KHAE-MATH-6; KHAE-SCI-MS; KHAE-SS-6; KHAE-WL-6; KHAE-ART-6; KHAE-PEH-6; KHAE-TECH-6; KHAE-IP-6; KHAE-PORT-6
30,"Argument, Debate, and Public Speaking",Debate,How can disagreement become disciplined learning?,"Claims, reasons, evidence, counterclaims, rebuttal, speaking skills, audience, and respectful debate",KHAE-ELA-6; KHAE-MATH-6; KHAE-SCI-MS; KHAE-SS-6; KHAE-WL-6; KHAE-ART-6; KHAE-PEH-6; KHAE-TECH-6; KHAE-IP-6; KHAE-PORT-6
31,"Arts, Media, and Message Design",Media Design,How do artists and media makers shape meaning?,"Visual rhetoric, music/media messages, dramatic interpretation, design choices, and artist statements",KHAE-ELA-6; KHAE-MATH-6; KHAE-SCI-MS; KHAE-SS-6; KHAE-WL-6; KHAE-ART-6; KHAE-PEH-6; KHAE-TECH-6; KHAE-IP-6; KHAE-PORT-6
32,"Health, Identity, and Responsible Choices",Wellness,How do healthy routines support learning and identity?,"Nutrition, fitness planning, sleep, stress, digital wellness, adolescent health foundations, and self-advocacy",KHAE-ELA-6; KHAE-MATH-6; KHAE-SCI-MS; KHAE-SS-6; KHAE-WL-6; KHAE-ART-6; KHAE-PEH-6; KHAE-TECH-6; KHAE-IP-6; KHAE-PORT-6
33,"Technology, Data, and Ethical Creation",Technology Ethics,How can tools strengthen evidence without replacing judgment?,"Spreadsheets, charts, algorithms, debugging, file systems, accessibility, source notes, and ethical media",KHAE-ELA-6; KHAE-MATH-6; KHAE-SCI-MS; KHAE-SS-6; KHAE-WL-6; KHAE-ART-6; KHAE-PEH-6; KHAE-TECH-6; KHAE-IP-6; KHAE-PORT-6
34,A++ Big Question Capstone Research,Capstone Research,"What serious question can I investigate with evidence, calculation, and design?","Independent inquiry, research plan, source notes, data/math component, science/social model, prototype, and timeline",KHAE-ELA-6; KHAE-MATH-6; KHAE-SCI-MS; KHAE-SS-6; KHAE-WL-6; KHAE-ART-6; KHAE-PEH-6; KHAE-TECH-6; KHAE-IP-6; KHAE-PORT-6
35,Capstone Studio and Oral Defense,Capstone Studio,How can I make my evidence clear enough to defend publicly?,"Draft, revise, build, calculate, design, peer critique, presentation media, oral defense, and reflection",KHAE-ELA-6; KHAE-MATH-6; KHAE-SCI-MS; KHAE-SS-6; KHAE-WL-6; KHAE-ART-6; KHAE-PEH-6; KHAE-TECH-6; KHAE-IP-6; KHAE-PORT-6
36,Final Review and Grade 7 Readiness,Final,How am I ready for seventh grade?,"Cumulative final, portfolio defense, certificate, grade 7 readiness, study habits, reflection, and celebration",KHAE-ELA-6; KHAE-MATH-6; KHAE-SCI-MS; KHAE-SS-6; KHAE-WL-6; KHAE-ART-6; KHAE-PEH-6; KHAE-TECH-6; KHAE-IP-6; KHAE-PORT-6
